{
    "(0.02, 4)": {
        "log-loss": [
            0.08318326090819318,
            0.08640939739215284,
            0.1039821652498229,
            0.1397419607728345,
            0.16367499193218124
        ],
        "roc-auc": [
            0.7232845318647878,
            0.7343313188750082,
            0.7113342517243105,
            0.7147131952124035,
            0.7660902774245726
        ]
    },
    "(0.02, 8)": {
        "log-loss": [
            0.08318005701854686,
            0.086414425764067,
            0.10394749449502144,
            0.1396967070717288,
            0.16368966553049444
        ],
        "roc-auc": [
            0.723768588027614,
            0.7350238052215994,
            0.7103190825436863,
            0.7147485889623534,
            0.7655609041144471
        ]
    },
    "(0.02, 12)": {
        "log-loss": [
            0.0831820887169729,
            0.08640973568614614,
            0.10396588155712493,
            0.13969279189342376,
            0.16369818968550692
        ],
        "roc-auc": [
            0.7232523971720223,
            0.734308683888775,
            0.7105265965997223,
            0.7144082503281707,
            0.7664152792236127
        ]
    },
    "(0.02, 16)": {
        "log-loss": [
            0.0831792557098789,
            0.08641187493595853,
            0.10397066083462643,
            0.1396928788479337,
            0.16376740625739894
        ],
        "roc-auc": [
            0.7230213910652473,
            0.7346165102429307,
            0.710851309700596,
            0.714547487498257,
            0.7654241130788171
        ]
    },
    "(0.002, 4)": {
        "log-loss": [
            0.07946118726344678,
            0.08234341886901128,
            0.10002558536871882,
            0.13304292909317503,
            0.1524835169849426
        ],
        "roc-auc": [
            0.7373572778442729,
            0.7422990991684938,
            0.7249242956829128,
            0.7429954282886041,
            0.7878629268739137
        ]
    },
    "(0.002, 8)": {
        "log-loss": [
            0.07945128613703355,
            0.08232525257216833,
            0.10005480487517511,
            0.1331026367169942,
            0.1526121935484091
        ],
        "roc-auc": [
            0.7375015131656687,
            0.7423349404273287,
            0.724850209273899,
            0.743351269956786,
            0.7881233289795342
        ]
    },
    "(0.002, 12)": {
        "log-loss": [
            0.07944952807142763,
            0.08232303030642306,
            0.10008612488943952,
            0.13312131632661225,
            0.15264206678430894
        ],
        "roc-auc": [
            0.7376133777186619,
            0.7423679634095557,
            0.7248339738626498,
            0.743374805705995,
            0.7882537891589281
        ]
    },
    "(0.002, 16)": {
        "log-loss": [
            0.07945320639831595,
            0.08233183183269915,
            0.10009067830090361,
            0.13312970785079112,
            0.15272194778113757
        ],
        "roc-auc": [
            0.7376514270751761,
            0.7424245201709652,
            0.7247424158941305,
            0.7435870825591524,
            0.7883152948470978
        ]
    },
    "(0.0002, 4)": {
        "log-loss": [
            0.07820290490862626,
            0.08141220076654075,
            0.09882813425712833,
            0.129451839575135,
            0.14684622596295085
        ],
        "roc-auc": [
            0.7423679018962284,
            0.742059084698842,
            0.7412241240684327,
            0.7551018620658796,
            0.7997962537588109
        ]
    },
    "(0.0002, 8)": {
        "log-loss": [
            0.07807725849087965,
            0.08131387439786365,
            0.09867871741398487,
            0.129243486338006,
            0.1463709537136921
        ],
        "roc-auc": [
            0.7424980220078179,
            0.7406983837802449,
            0.7415599314697375,
            0.7565394659047608,
            0.8006925522832048
        ]
    },
    "(0.0002, 12)": {
        "log-loss": [
            0.0780915877206806,
            0.0813618576186289,
            0.0986069966240998,
            0.12910107263735238,
            0.14644076860500752
        ],
        "roc-auc": [
            0.740871424538034,
            0.7395252503932145,
            0.7412104402095001,
            0.7566463220751408,
            0.8010095326726994
        ]
    },
    "(0.0002, 16)": {
        "log-loss": [
            0.07810288247277565,
            0.0813366310533911,
            0.09857091096380148,
            0.1291188017545494,
            0.14669645182256508
        ],
        "roc-auc": [
            0.7407859799265375,
            0.7409231515842672,
            0.7417859784231284,
            0.7567743940588356,
            0.7988224857303616
        ]
    }
}